[{"pk": 1, "model": "contenttypes.contenttype", "fields": {"model": "logentry", "name": "log entry", "app_label": "admin"}}, {"pk": 2, "model": "contenttypes.contenttype", "fields": {"model": "permission", "name": "permission", "app_label": "auth"}}, {"pk": 3, "model": "contenttypes.contenttype", "fields": {"model": "group", "name": "group", "app_label": "auth"}}, {"pk": 4, "model": "contenttypes.contenttype", "fields": {"model": "user", "name": "user", "app_label": "auth"}}, {"pk": 5, "model": "contenttypes.contenttype", "fields": {"model": "contenttype", "name": "content type", "app_label": "contenttypes"}}, {"pk": 6, "model": "contenttypes.contenttype", "fields": {"model": "session", "name": "session", "app_label": "sessions"}}, {"pk": 7, "model": "contenttypes.contenttype", "fields": {"model": "site", "name": "site", "app_label": "sites"}}, {"pk": 8, "model": "contenttypes.contenttype", "fields": {"model": "flatpage", "name": "flat page", "app_label": "flatpages"}}, {"pk": 9, "model": "contenttypes.contenttype", "fields": {"model": "emailaddress", "name": "email address", "app_label": "account"}}, {"pk": 10, "model": "contenttypes.contenttype", "fields": {"model": "emailconfirmation", "name": "email confirmation", "app_label": "account"}}, {"pk": 11, "model": "contenttypes.contenttype", "fields": {"model": "socialapp", "name": "social application", "app_label": "socialaccount"}}, {"pk": 12, "model": "contenttypes.contenttype", "fields": {"model": "socialaccount", "name": "social account", "app_label": "socialaccount"}}, {"pk": 13, "model": "contenttypes.contenttype", "fields": {"model": "socialtoken", "name": "social application token", "app_label": "socialaccount"}}, {"pk": 14, "model": "contenttypes.contenttype", "fields": {"model": "tag", "name": "Tag", "app_label": "taggit"}}, {"pk": 15, "model": "contenttypes.contenttype", "fields": {"model": "taggeditem", "name": "Tagged Item", "app_label": "taggit"}}, {"pk": 16, "model": "contenttypes.contenttype", "fields": {"model": "kvstore", "name": "kv store", "app_label": "thumbnail"}}, {"pk": 17, "model": "contenttypes.contenttype", "fields": {"model": "overallrating", "name": "overall rating", "app_label": "agon_ratings"}}, {"pk": 18, "model": "contenttypes.contenttype", "fields": {"model": "rating", "name": "rating", "app_label": "agon_ratings"}}, {"pk": 19, "model": "contenttypes.contenttype", "fields": {"model": "comment", "name": "comment", "app_label": "dialogos"}}, {"pk": 20, "model": "contenttypes.contenttype", "fields": {"model": "image", "name": "image", "app_label": "main"}}, {"pk": 21, "model": "contenttypes.contenttype", "fields": {"model": "userobjectpermission", "name": "user object permission", "app_label": "guardian"}}, {"pk": 22, "model": "contenttypes.contenttype", "fields": {"model": "groupobjectpermission", "name": "group object permission", "app_label": "guardian"}}, {"pk": "41w5erj4xsr5kf9hypnpy3tt2guzkdhq", "model": "sessions.session", "fields": {"expire_date": "2014-09-09T06:38:07.732Z", "session_data": "YTZkNTJiN2VhM2EwODRiNGYwODQ1NjgwNDAzMWRiNTAxMzZjNzNiMjp7Il9hdXRoX3VzZXJfYmFja2VuZCI6ImRqYW5nby5jb250cmliLmF1dGguYmFja2VuZHMuTW9kZWxCYWNrZW5kIiwiX2F1dGhfdXNlcl9pZCI6MX0="}}, {"pk": "4xb4gnfaxf0axv3ts2ji5tc8cet57b0v", "model": "sessions.session", "fields": {"expire_date": "2014-09-10T09:42:04.271Z", "session_data": "NWY5NzE3Y2I5MmFlZjBkZDAwOGZlMTJmYWE1MDMzYTVmOWRmMGMzYzp7Il9zZXNzaW9uX2V4cGlyeSI6MCwiX2F1dGhfdXNlcl9iYWNrZW5kIjoiZGphbmdvLmNvbnRyaWIuYXV0aC5iYWNrZW5kcy5Nb2RlbEJhY2tlbmQiLCJfYXV0aF91c2VyX2lkIjoxfQ=="}}, {"pk": "7z6l4ekpskww7jp6jv5oulye7nfqvjbt", "model": "sessions.session", "fields": {"expire_date": "2014-09-09T07:15:55.721Z", "session_data": "YmYwYThmMjEyNTNlNzY0MDIyZmNkZTJiYjk5NGMxMzU4YjY5OWIwYzp7Il9zZXNzaW9uX2V4cGlyeSI6MCwiX2F1dGhfdXNlcl9iYWNrZW5kIjoiZGphbmdvLmNvbnRyaWIuYXV0aC5iYWNrZW5kcy5Nb2RlbEJhY2tlbmQiLCJfYXV0aF91c2VyX2lkIjoyfQ=="}}, {"pk": 1, "model": "sites.site", "fields": {"domain": "imghost.pythonanywhere.com", "name": "imghost.pythonanywhere.com"}}, {"pk": 1, "model": "flatpages.flatpage", "fields": {"registration_required": false, "title": "About", "url": "/about/", "template_name": "", "sites": [1], "content": "<p><b>Imghost</b> is a place where everyone can store their images as well as browse thousands of pictures already uploaded by our users.</p>", "enable_comments": false}}, {"pk": 2, "model": "flatpages.flatpage", "fields": {"registration_required": false, "title": "Contact", "url": "/contact/", "template_name": "", "sites": [1], "content": "<p>You can contact us at <b>imghost@imghost</b></p>", "enable_comments": false}}, {"pk": 3, "model": "flatpages.flatpage", "fields": {"registration_required": false, "title": "Terms Of Service", "url": "/tos/", "template_name": "", "sites": [1], "content": "<ul><li>Do not upload copyrighted images</li><li>Do not offend other users</li><li>Have fun ;)</li></ul>", "enable_comments": false}}, {"pk": 4, "model": "flatpages.flatpage", "fields": {"registration_required": false, "title": "oEmbed", "url": "/oembed/", "template_name": "", "sites": [1], "content": "<p><b>Imghost</b> allows you to embed our images on your website or blog free of charge. In order to do that, use embed code provided with every image.</p><p>If you need to customize embed code feel free to use our <b>oEmbed API</b>. Example usage:<br><a href=\"/oembed?url=http://imghost/image/3\">oEmbed for image with ID 3</a></p>", "enable_comments": false}}, {"pk": 1, "model": "taggit.tag", "fields": {"name": "sunset", "slug": "sunset"}}, {"pk": 2, "model": "taggit.tag", "fields": {"name": "nature", "slug": "nature"}}, {"pk": 3, "model": "taggit.tag", "fields": {"name": "corn", "slug": "corn"}}, {"pk": 4, "model": "taggit.tag", "fields": {"name": "moon", "slug": "moon"}}, {"pk": 5, "model": "taggit.tag", "fields": {"name": "fun", "slug": "fun"}}, {"pk": 6, "model": "taggit.tag", "fields": {"name": "domino", "slug": "domino"}}, {"pk": 7, "model": "taggit.tag", "fields": {"name": "game", "slug": "game"}}, {"pk": 1, "model": "taggit.taggeditem", "fields": {"tag": 1, "content_type": 20, "object_id": 1}}, {"pk": 2, "model": "taggit.taggeditem", "fields": {"tag": 2, "content_type": 20, "object_id": 1}}, {"pk": 3, "model": "taggit.taggeditem", "fields": {"tag": 2, "content_type": 20, "object_id": 3}}, {"pk": 4, "model": "taggit.taggeditem", "fields": {"tag": 3, "content_type": 20, "object_id": 3}}, {"pk": 5, "model": "taggit.taggeditem", "fields": {"tag": 2, "content_type": 20, "object_id": 4}}, {"pk": 6, "model": "taggit.taggeditem", "fields": {"tag": 2, "content_type": 20, "object_id": 5}}, {"pk": 7, "model": "taggit.taggeditem", "fields": {"tag": 4, "content_type": 20, "object_id": 5}}, {"pk": 8, "model": "taggit.taggeditem", "fields": {"tag": 5, "content_type": 20, "object_id": 6}}, {"pk": 9, "model": "taggit.taggeditem", "fields": {"tag": 6, "content_type": 20, "object_id": 6}}, {"pk": 10, "model": "taggit.taggeditem", "fields": {"tag": 7, "content_type": 20, "object_id": 6}}, {"pk": 11, "model": "taggit.taggeditem", "fields": {"tag": 2, "content_type": 20, "object_id": 7}}, {"pk": 12, "model": "taggit.taggeditem", "fields": {"tag": 2, "content_type": 20, "object_id": 8}}, {"pk": 13, "model": "taggit.taggeditem", "fields": {"tag": 2, "content_type": 20, "object_id": 9}}, {"pk": 14, "model": "taggit.taggeditem", "fields": {"tag": 4, "content_type": 20, "object_id": 9}}, {"pk": "sorl-thumbnail||image||3e56da9730bd4df89e385b0bfb649957", "model": "thumbnail.kvstore", "fields": {"value": "{\"storage\": \"django.core.files.storage.FileSystemStorage\", \"name\": \"cache/e3/27/e3273e644e2932328db83e192eb7dadc.jpg\", \"size\": [100, 56]}"}}, {"pk": "sorl-thumbnail||image||6c172a21f80ebb46d186294d7d1d82d6", "model": "thumbnail.kvstore", "fields": {"value": "{\"storage\": \"django.core.files.storage.FileSystemStorage\", \"name\": \"images/1409035796/4da5b175434940f1ae94230eaebd2fe0.jpg\", \"size\": [615, 345]}"}}, {"pk": "sorl-thumbnail||thumbnails||6c172a21f80ebb46d186294d7d1d82d6", "model": "thumbnail.kvstore", "fields": {"value": "[\"3e56da9730bd4df89e385b0bfb649957\"]"}}, {"pk": 1, "model": "agon_ratings.overallrating", "fields": {"category": null, "rating": "5", "content_type": 20, "object_id": 1}}, {"pk": 2, "model": "agon_ratings.overallrating", "fields": {"category": null, "rating": "5", "content_type": 20, "object_id": 7}}, {"pk": 3, "model": "agon_ratings.overallrating", "fields": {"category": null, "rating": "3.5", "content_type": 20, "object_id": 9}}, {"pk": 4, "model": "agon_ratings.overallrating", "fields": {"category": null, "rating": "1", "content_type": 20, "object_id": 8}}, {"pk": 1, "model": "auth.permission", "fields": {"codename": "add_logentry", "name": "Can add log entry", "content_type": 1}}, {"pk": 2, "model": "auth.permission", "fields": {"codename": "change_logentry", "name": "Can change log entry", "content_type": 1}}, {"pk": 3, "model": "auth.permission", "fields": {"codename": "delete_logentry", "name": "Can delete log entry", "content_type": 1}}, {"pk": 4, "model": "auth.permission", "fields": {"codename": "add_permission", "name": "Can add permission", "content_type": 2}}, {"pk": 5, "model": "auth.permission", "fields": {"codename": "change_permission", "name": "Can change permission", "content_type": 2}}, {"pk": 6, "model": "auth.permission", "fields": {"codename": "delete_permission", "name": "Can delete permission", "content_type": 2}}, {"pk": 7, "model": "auth.permission", "fields": {"codename": "add_group", "name": "Can add group", "content_type": 3}}, {"pk": 8, "model": "auth.permission", "fields": {"codename": "change_group", "name": "Can change group", "content_type": 3}}, {"pk": 9, "model": "auth.permission", "fields": {"codename": "delete_group", "name": "Can delete group", "content_type": 3}}, {"pk": 10, "model": "auth.permission", "fields": {"codename": "add_user", "name": "Can add user", "content_type": 4}}, {"pk": 11, "model": "auth.permission", "fields": {"codename": "change_user", "name": "Can change user", "content_type": 4}}, {"pk": 12, "model": "auth.permission", "fields": {"codename": "delete_user", "name": "Can delete user", "content_type": 4}}, {"pk": 13, "model": "auth.permission", "fields": {"codename": "add_contenttype", "name": "Can add content type", "content_type": 5}}, {"pk": 14, "model": "auth.permission", "fields": {"codename": "change_contenttype", "name": "Can change content type", "content_type": 5}}, {"pk": 15, "model": "auth.permission", "fields": {"codename": "delete_contenttype", "name": "Can delete content type", "content_type": 5}}, {"pk": 16, "model": "auth.permission", "fields": {"codename": "add_session", "name": "Can add session", "content_type": 6}}, {"pk": 17, "model": "auth.permission", "fields": {"codename": "change_session", "name": "Can change session", "content_type": 6}}, {"pk": 18, "model": "auth.permission", "fields": {"codename": "delete_session", "name": "Can delete session", "content_type": 6}}, {"pk": 19, "model": "auth.permission", "fields": {"codename": "add_site", "name": "Can add site", "content_type": 7}}, {"pk": 20, "model": "auth.permission", "fields": {"codename": "change_site", "name": "Can change site", "content_type": 7}}, {"pk": 21, "model": "auth.permission", "fields": {"codename": "delete_site", "name": "Can delete site", "content_type": 7}}, {"pk": 22, "model": "auth.permission", "fields": {"codename": "add_flatpage", "name": "Can add flat page", "content_type": 8}}, {"pk": 23, "model": "auth.permission", "fields": {"codename": "change_flatpage", "name": "Can change flat page", "content_type": 8}}, {"pk": 24, "model": "auth.permission", "fields": {"codename": "delete_flatpage", "name": "Can delete flat page", "content_type": 8}}, {"pk": 25, "model": "auth.permission", "fields": {"codename": "add_emailaddress", "name": "Can add email address", "content_type": 9}}, {"pk": 26, "model": "auth.permission", "fields": {"codename": "change_emailaddress", "name": "Can change email address", "content_type": 9}}, {"pk": 27, "model": "auth.permission", "fields": {"codename": "delete_emailaddress", "name": "Can delete email address", "content_type": 9}}, {"pk": 28, "model": "auth.permission", "fields": {"codename": "add_emailconfirmation", "name": "Can add email confirmation", "content_type": 10}}, {"pk": 29, "model": "auth.permission", "fields": {"codename": "change_emailconfirmation", "name": "Can change email confirmation", "content_type": 10}}, {"pk": 30, "model": "auth.permission", "fields": {"codename": "delete_emailconfirmation", "name": "Can delete email confirmation", "content_type": 10}}, {"pk": 31, "model": "auth.permission", "fields": {"codename": "add_socialapp", "name": "Can add social application", "content_type": 11}}, {"pk": 32, "model": "auth.permission", "fields": {"codename": "change_socialapp", "name": "Can change social application", "content_type": 11}}, {"pk": 33, "model": "auth.permission", "fields": {"codename": "delete_socialapp", "name": "Can delete social application", "content_type": 11}}, {"pk": 34, "model": "auth.permission", "fields": {"codename": "add_socialaccount", "name": "Can add social account", "content_type": 12}}, {"pk": 35, "model": "auth.permission", "fields": {"codename": "change_socialaccount", "name": "Can change social account", "content_type": 12}}, {"pk": 36, "model": "auth.permission", "fields": {"codename": "delete_socialaccount", "name": "Can delete social account", "content_type": 12}}, {"pk": 37, "model": "auth.permission", "fields": {"codename": "add_socialtoken", "name": "Can add social application token", "content_type": 13}}, {"pk": 38, "model": "auth.permission", "fields": {"codename": "change_socialtoken", "name": "Can change social application token", "content_type": 13}}, {"pk": 39, "model": "auth.permission", "fields": {"codename": "delete_socialtoken", "name": "Can delete social application token", "content_type": 13}}, {"pk": 40, "model": "auth.permission", "fields": {"codename": "add_tag", "name": "Can add Tag", "content_type": 14}}, {"pk": 41, "model": "auth.permission", "fields": {"codename": "change_tag", "name": "Can change Tag", "content_type": 14}}, {"pk": 42, "model": "auth.permission", "fields": {"codename": "delete_tag", "name": "Can delete Tag", "content_type": 14}}, {"pk": 43, "model": "auth.permission", "fields": {"codename": "add_taggeditem", "name": "Can add Tagged Item", "content_type": 15}}, {"pk": 44, "model": "auth.permission", "fields": {"codename": "change_taggeditem", "name": "Can change Tagged Item", "content_type": 15}}, {"pk": 45, "model": "auth.permission", "fields": {"codename": "delete_taggeditem", "name": "Can delete Tagged Item", "content_type": 15}}, {"pk": 46, "model": "auth.permission", "fields": {"codename": "add_kvstore", "name": "Can add kv store", "content_type": 16}}, {"pk": 47, "model": "auth.permission", "fields": {"codename": "change_kvstore", "name": "Can change kv store", "content_type": 16}}, {"pk": 48, "model": "auth.permission", "fields": {"codename": "delete_kvstore", "name": "Can delete kv store", "content_type": 16}}, {"pk": 49, "model": "auth.permission", "fields": {"codename": "add_overallrating", "name": "Can add overall rating", "content_type": 17}}, {"pk": 50, "model": "auth.permission", "fields": {"codename": "change_overallrating", "name": "Can change overall rating", "content_type": 17}}, {"pk": 51, "model": "auth.permission", "fields": {"codename": "delete_overallrating", "name": "Can delete overall rating", "content_type": 17}}, {"pk": 52, "model": "auth.permission", "fields": {"codename": "add_rating", "name": "Can add rating", "content_type": 18}}, {"pk": 53, "model": "auth.permission", "fields": {"codename": "change_rating", "name": "Can change rating", "content_type": 18}}, {"pk": 54, "model": "auth.permission", "fields": {"codename": "delete_rating", "name": "Can delete rating", "content_type": 18}}, {"pk": 55, "model": "auth.permission", "fields": {"codename": "add_comment", "name": "Can add comment", "content_type": 19}}, {"pk": 56, "model": "auth.permission", "fields": {"codename": "change_comment", "name": "Can change comment", "content_type": 19}}, {"pk": 57, "model": "auth.permission", "fields": {"codename": "delete_comment", "name": "Can delete comment", "content_type": 19}}, {"pk": 58, "model": "auth.permission", "fields": {"codename": "add_image", "name": "Can add image", "content_type": 20}}, {"pk": 59, "model": "auth.permission", "fields": {"codename": "change_image", "name": "Can change image", "content_type": 20}}, {"pk": 60, "model": "auth.permission", "fields": {"codename": "delete_image", "name": "Can delete image", "content_type": 20}}, {"pk": 61, "model": "auth.permission", "fields": {"codename": "add_userobjectpermission", "name": "Can add user object permission", "content_type": 21}}, {"pk": 62, "model": "auth.permission", "fields": {"codename": "change_userobjectpermission", "name": "Can change user object permission", "content_type": 21}}, {"pk": 63, "model": "auth.permission", "fields": {"codename": "delete_userobjectpermission", "name": "Can delete user object permission", "content_type": 21}}, {"pk": 64, "model": "auth.permission", "fields": {"codename": "add_groupobjectpermission", "name": "Can add group object permission", "content_type": 22}}, {"pk": 65, "model": "auth.permission", "fields": {"codename": "change_groupobjectpermission", "name": "Can change group object permission", "content_type": 22}}, {"pk": 66, "model": "auth.permission", "fields": {"codename": "delete_groupobjectpermission", "name": "Can delete group object permission", "content_type": 22}}, {"pk": -1, "model": "auth.user", "fields": {"username": "AnonymousUser", "first_name": "", "last_name": "", "is_active": true, "is_superuser": false, "is_staff": false, "last_login": "2014-08-26T06:37:51.323Z", "groups": [], "user_permissions": [], "password": "", "email": "", "date_joined": "2014-08-26T06:37:51.323Z"}}, {"pk": 1, "model": "auth.user", "fields": {"username": "admin", "first_name": "", "last_name": "", "is_active": true, "is_superuser": true, "is_staff": true, "last_login": "2014-08-27T09:42:04.102Z", "groups": [], "user_permissions": [], "password": "pbkdf2_sha256$12000$vaIKJa0lIOcM$ndl1h64btwW5NH84BbNv5mpCMcbMS1ya7GLp5J8D6jc=", "email": "admin@example.com", "date_joined": "2014-08-26T06:37:49.357Z"}}, {"pk": 2, "model": "auth.user", "fields": {"username": "testowy", "first_name": "", "last_name": "", "is_active": true, "is_superuser": false, "is_staff": false, "last_login": "2014-08-26T07:15:55.608Z", "groups": [], "user_permissions": [], "password": "pbkdf2_sha256$12000$EJAmakMyI3Nl$aA9+OIs7CGNvJq5U16rFQrai9KHXmaefg4Btgb3B8VA=", "email": "", "date_joined": "2014-08-26T06:46:38.867Z"}}, {"pk": 1, "model": "agon_ratings.rating", "fields": {"category": null, "rating": 5, "timestamp": "2014-08-26T06:47:37.125Z", "object_id": 1, "user": 2, "content_type": 20, "overall_rating": 1}}, {"pk": 2, "model": "agon_ratings.rating", "fields": {"category": null, "rating": 5, "timestamp": "2014-08-26T06:59:45.503Z", "object_id": 7, "user": 1, "content_type": 20, "overall_rating": 2}}, {"pk": 3, "model": "agon_ratings.rating", "fields": {"category": null, "rating": 5, "timestamp": "2014-08-26T07:14:49.828Z", "object_id": 9, "user": 1, "content_type": 20, "overall_rating": 3}}, {"pk": 4, "model": "agon_ratings.rating", "fields": {"category": null, "rating": 2, "timestamp": "2014-08-26T07:16:16.386Z", "object_id": 9, "user": 2, "content_type": 20, "overall_rating": 3}}, {"pk": 5, "model": "agon_ratings.rating", "fields": {"category": null, "rating": 1, "timestamp": "2014-08-26T07:16:31.232Z", "object_id": 8, "user": 2, "content_type": 20, "overall_rating": 4}}, {"pk": 1, "model": "dialogos.comment", "fields": {"website": "", "comment": "Great image. Taken by me, but still great :D", "name": "", "author": 2, "submit_date": "2014-08-26T06:48:10.622Z", "object_id": 1, "public": true, "content_type": 20, "ip_address": "127.0.0.1", "email": ""}}, {"pk": 2, "model": "dialogos.comment", "fields": {"website": "", "comment": "This man looks like this famous actor from France!", "name": "", "author": 1, "submit_date": "2014-08-26T06:50:36.047Z", "object_id": 2, "public": true, "content_type": 20, "ip_address": "127.0.0.1", "email": ""}}, {"pk": 3, "model": "dialogos.comment", "fields": {"website": "", "comment": "Nice. Thanks for sharing.", "name": "", "author": 1, "submit_date": "2014-08-26T06:50:59.508Z", "object_id": 1, "public": true, "content_type": 20, "ip_address": "127.0.0.1", "email": ""}}, {"pk": 4, "model": "dialogos.comment", "fields": {"website": "", "comment": "Hi. I love looking at the moon at night. It's just lovely.", "name": "Gondor", "author": null, "submit_date": "2014-08-26T06:52:55.090Z", "object_id": 5, "public": true, "content_type": 20, "ip_address": "127.0.0.1", "email": ""}}, {"pk": 5, "model": "dialogos.comment", "fields": {"website": "", "comment": "Personally, I do not like it. I've seen better.", "name": "df", "author": null, "submit_date": "2014-08-26T06:53:32.760Z", "object_id": 1, "public": true, "content_type": 20, "ip_address": "127.0.0.1", "email": ""}}, {"pk": 6, "model": "dialogos.comment", "fields": {"website": "", "comment": "Great description, man :D", "name": "ktos", "author": null, "submit_date": "2014-08-26T06:54:42.806Z", "object_id": 6, "public": true, "content_type": 20, "ip_address": "127.0.0.1", "email": ""}}, {"pk": 7, "model": "dialogos.comment", "fields": {"website": "", "comment": "It would be a nice wallpaper", "name": "", "author": 1, "submit_date": "2014-08-26T07:00:44.957Z", "object_id": 6, "public": true, "content_type": 20, "ip_address": "127.0.0.1", "email": ""}}, {"pk": 8, "model": "dialogos.comment", "fields": {"website": "", "comment": "It would love to go there someday...", "name": "", "author": 1, "submit_date": "2014-08-26T07:02:52.319Z", "object_id": 7, "public": true, "content_type": 20, "ip_address": "127.0.0.1", "email": ""}}, {"pk": 9, "model": "dialogos.comment", "fields": {"website": "", "comment": "Nice moon is nice.", "name": "", "author": 1, "submit_date": "2014-08-26T07:03:28.280Z", "object_id": 5, "public": true, "content_type": 20, "ip_address": "127.0.0.1", "email": ""}}, {"pk": 10, "model": "dialogos.comment", "fields": {"website": "", "comment": "I love the mirroring effect.", "name": "", "author": 1, "submit_date": "2014-08-26T07:15:13.813Z", "object_id": 9, "public": true, "content_type": 20, "ip_address": "127.0.0.1", "email": ""}}, {"pk": 11, "model": "dialogos.comment", "fields": {"website": "", "comment": "Anyone knows where is it located?", "name": "", "author": 1, "submit_date": "2014-08-26T07:15:43.857Z", "object_id": 8, "public": true, "content_type": 20, "ip_address": "127.0.0.1", "email": ""}}, {"pk": 12, "model": "dialogos.comment", "fields": {"website": "", "comment": "Yeah, me too :D", "name": "", "author": 2, "submit_date": "2014-08-26T07:16:12.183Z", "object_id": 9, "public": true, "content_type": 20, "ip_address": "127.0.0.1", "email": ""}}, {"pk": 13, "model": "dialogos.comment", "fields": {"website": "", "comment": "Just awesome :O", "name": "", "author": 2, "submit_date": "2014-08-26T07:16:28.181Z", "object_id": 8, "public": true, "content_type": 20, "ip_address": "127.0.0.1", "email": ""}}, {"pk": 1, "model": "main.image", "fields": {"description": "Beautiful sample sunset.", "created": "2014-08-26T06:47:28.687Z", "image": "images/1409035648/ae2559570b834ca2a5dd8c9ac21ebd10.jpg", "title": "Sunset", "nsfw": false, "user": 2}}, {"pk": 2, "model": "main.image", "fields": {"description": "", "created": "2014-08-26T06:48:36.643Z", "image": "images/1409035716/de0c1d2449bc424ba6dd8224d0b2e36f.jpg", "title": "Happy Family", "nsfw": true, "user": 2}}, {"pk": 3, "model": "main.image", "fields": {"description": "Nature is the best teacher.", "created": "2014-08-26T06:49:56.725Z", "image": "images/1409035796/4da5b175434940f1ae94230eaebd2fe0.jpg", "title": "Corn spike", "nsfw": false, "user": 1}}, {"pk": 4, "model": "main.image", "fields": {"description": "Another flower on imghost. Let's become a garden!", "created": "2014-08-26T06:51:30.932Z", "image": "images/1409035890/3411db385fef48d08175ac39092aabcd.jpg", "title": "Just a flower", "nsfw": false, "user": 1}}, {"pk": 5, "model": "main.image", "fields": {"description": "", "created": "2014-08-26T06:52:12.745Z", "image": "images/1409035932/e8cb4a0cdb474f37a96f9d324a82776e.jpg", "title": "Moon is the greatest", "nsfw": false, "user": null}}, {"pk": 6, "model": "main.image", "fields": {"description": "Domino is falling. Are you?...", "created": "2014-08-26T06:54:21.653Z", "image": "images/1409036061/1589c387760240bcaa55f0c1a9154751.jpg", "title": "Domino - the greatest game", "nsfw": true, "user": null}}, {"pk": 7, "model": "main.image", "fields": {"description": "", "created": "2014-08-26T06:59:38.918Z", "image": "images/1409036378/65bb7f5729d14403b1404c92aad12438.jpg", "title": "Greatest view in the world", "nsfw": false, "user": 1}}, {"pk": 8, "model": "main.image", "fields": {"description": "", "created": "2014-08-26T07:13:52.585Z", "image": "images/1409037232/12eaf2e7db294951897650b9787da79f.jpg", "title": "Meteor", "nsfw": false, "user": 1}}, {"pk": 9, "model": "main.image", "fields": {"description": "", "created": "2014-08-26T07:14:42.860Z", "image": "images/1409037282/33ea038bba6e4616abc77ec483678d70.jpg", "title": "Moonscape over water", "nsfw": false, "user": 1}}, {"pk": 1, "model": "guardian.userobjectpermission", "fields": {"object_pk": "1", "user": 2, "content_type": 20, "permission": 60}}, {"pk": 2, "model": "guardian.userobjectpermission", "fields": {"object_pk": "2", "user": 2, "content_type": 20, "permission": 60}}, {"pk": 3, "model": "guardian.userobjectpermission", "fields": {"object_pk": "3", "user": 1, "content_type": 20, "permission": 60}}, {"pk": 4, "model": "guardian.userobjectpermission", "fields": {"object_pk": "4", "user": 1, "content_type": 20, "permission": 60}}, {"pk": 5, "model": "guardian.userobjectpermission", "fields": {"object_pk": "7", "user": 1, "content_type": 20, "permission": 60}}, {"pk": 6, "model": "guardian.userobjectpermission", "fields": {"object_pk": "8", "user": 1, "content_type": 20, "permission": 60}}, {"pk": 7, "model": "guardian.userobjectpermission", "fields": {"object_pk": "9", "user": 1, "content_type": 20, "permission": 60}}, {"pk": 8, "model": "guardian.userobjectpermission", "fields": {"object_pk": "10", "user": 1, "content_type": 20, "permission": 60}}, {"pk": 9, "model": "guardian.userobjectpermission", "fields": {"object_pk": "11", "user": 1, "content_type": 20, "permission": 60}}, {"pk": 10, "model": "guardian.userobjectpermission", "fields": {"object_pk": "12", "user": 1, "content_type": 20, "permission": 60}}, {"pk": 1, "model": "admin.logentry", "fields": {"action_flag": 1, "action_time": "2014-08-26T06:40:15.772Z", "object_repr": "/info/about/ -- About", "object_id": "1", "change_message": "", "user": 1, "content_type": 8}}, {"pk": 2, "model": "admin.logentry", "fields": {"action_flag": 3, "action_time": "2014-08-26T06:40:33.048Z", "object_repr": "/info/about/ -- About", "object_id": "1", "change_message": "", "user": 1, "content_type": 8}}, {"pk": 3, "model": "admin.logentry", "fields": {"action_flag": 1, "action_time": "2014-08-26T06:40:58.487Z", "object_repr": "/about/ -- About", "object_id": "1", "change_message": "", "user": 1, "content_type": 8}}, {"pk": 4, "model": "admin.logentry", "fields": {"action_flag": 1, "action_time": "2014-08-26T06:41:34.155Z", "object_repr": "/contact/ -- Contact", "object_id": "2", "change_message": "", "user": 1, "content_type": 8}}, {"pk": 5, "model": "admin.logentry", "fields": {"action_flag": 1, "action_time": "2014-08-26T06:42:07.110Z", "object_repr": "/tos/ -- Terms Of Service", "object_id": "3", "change_message": "", "user": 1, "content_type": 8}}, {"pk": 6, "model": "admin.logentry", "fields": {"action_flag": 1, "action_time": "2014-08-26T06:42:32.339Z", "object_repr": "/oembed/ -- oEmbed", "object_id": "4", "change_message": "", "user": 1, "content_type": 8}}, {"pk": 7, "model": "admin.logentry", "fields": {"action_flag": 2, "action_time": "2014-08-26T07:01:54.759Z", "object_repr": "imghost.pythonanywhere.com", "object_id": "1", "change_message": "Changed domain and name.", "user": 1, "content_type": 7}}]